Aachen Bold AAachen LAardvark FBAbelard ETAble T26 LIC RES - see Harry Potter WB RESÄ within RESTRICTEDÄAcademy Engraved LAcheneli DC1 TOR see Hebrew in Non Latin ÄAcornPKA HMKAdLib BT RES see 101 Dalmatians Ä Dis RESAdonia KA HMKAG Book Rounded AAG Book Stencil AAG Old Face AAG Schoolbook AAgency FBAgenda Bold_Blk FBAgenda Light_Thin FBAgenda Medium FBAgincourt LAiricaPKA HMKAirstream ITC FTAja BE AAkzidenz Grotesk BE AAkzidenz Grotesk Cond BE AAkzidenz Grotesk Ext BE AAladdin Dis A LIC RESAlbertus MT AAldus AAlexa AAlgerian Condensed LAlhambra FBAmazone BTAmbrose LAmerican Typewriter ITC AAmericana AAmigo AAmoeba FNF LIC RES-see Scooby Doo Ä within RESTRICTEDAndreas AAngel KA HMK RES see Precious Moments Ä HMK RESAngelou PKA HMK RES - see Maya Angelou HMK RES within RESTRICTEDAngry Hog ITC FTAnisette FBAnna ITC AAnnabananaPKA HMKAnnieLightPKA HMKAnnouncement Roman KA HMKAntique Olive 1 AAntique Olive 2 AAntique Olive C - see Old Versions within AdobeApollo Expert MT AAppalachian PQB HMKAquinas LAquitaine Initials LArcadia AAriadne AAristocrat LArkona BE AArmada Compressed FBArmada Cond FBArmada FBArnold Boecklin AArriba Arriba LArriba LArt Deco Qa HMKArtiste LAshley Script MT AAshyhouse HIAspen DCAster New 1 AAster New 2 AAstrology LH AAtlas FH - see Hercules LIC RES Ä within RES ÄAtmosphere ITC FTAttic Antique 3IP LIC RES - see Harry Potter WB RESÄ within RESTRICTEDÄAudio LH AAugustea Open LAura T26 LIC RES-see Rocket Power LIC RES Ä within RESÄAurioLettPKA AAuriol A - see Old Versions within AdobeAutumn KB HMKAvant Garde Ex Lt ITC FC - see Old Versions within Other VendorsAvant Garde Gothic Cd ITC AAvant Garde Gothic ITC MM AAvant Garde ITC A see Basic ÄAvant Garde Md Bd ITC FC - see Old Versions within Other VendorsAvenida LAvenir 1 AAvenir 2 ABaa KB HMKBabyBlocks PQA HMKBadhouse HIBadTyp FBBaker Signet ABaktun Qa HMKBalmoral LBalzano ABanakornPKA HMKBananapeelPKA HMKBanco ABang LBank Gothic Md BT LIC RES-see Nascar Ä within RESTRICTED ÄBanner LBanshee ABanterPKA HMKBarbie FBK RESBarmeno ABarney LIC RESBase Nine E LIC RES - see Blue Sky Studio::RES Ä within RESTRICTED ÄBase Twelve Sans E LIC RES - see Blue Sky Studio::RES Ä within RESTRICTED ÄBase Twelve Serif E LIC RES - see Blue Sky Studio::RES Ä within RESTRICTED ÄBasilica CBaskerville BE ABaskerville Book BE ABaskerville New ITC ABaskerville New SC&OsF ITC ABaufy FBY LIC ES - see RESTRICTEDBauhaus ITC ABayou KB HMKBayou OS KB HMKBeachouse HIBecka Script LBecky Kelly HMK RESBeesknees ITC ABelizio FBBell Centennial ABell Gothic ABellevue ABelter ITC LBelter Mega Out ITC LBeLucian FBBelwe ABelwe Mono LBembo 1 ABembo 2 ABembo Expert ABendigo LBenguiat Bold Cond ITC FC - see Old Versions within Other VendorsBenguiat Gothic Bd ITC FC - see Old Versions within Other VendorsBenguiat Gothic ITC ABenguiat ITC ABenguiat Med Cond ITC BT - see Old Versions within Other VendorsBenguiat medium ITC BT - see Old Versions within Other VendorsBergell LBerkeley Cir. Med Lett KA ABerkeley Old Style ITC ABerletta KA HMKBerlin Sans Bolds FBBerlin Sans Light_Roman FBBerliner Grotesk ABerliner KA HMKBerling ABernhard Blk Cnd PKA HMKBernhard Bold Condensed ABernhardFashionPKA HMKBernhard Modern ABernhard Modern BT - see Old Versions within Other VendorsBernhard Tango ICGBerolina New MT ABerthold Script BE ABertie LBertram LBethsCapsPKA HMKBethsPKA HMKBetsey Clark HMK RESBetsy Clark KB HMK RESBetsy Clark OS KB HMK RESBible Script Flourishes LBic Antique KA HMKBic Antique OS KA HMKBickham Script MM ABickley Script LBiffo MT ABig Cheese EBighouse HIBinary Bold ITC FTBinary Light ITC FTBirch ABirdhouse HIBitmax LBizirk KB HMKBlackadder ITC FTBlackmoor LBlackoak ABlaze ITC FTBlock BE ABlock KA HMKBlockhouse HIBluntz LBlur FSBodega Sans Black FBBodega Sans Light FBBodega Sans Medium FBBodega Serif Black FBBodega Serif Light FBBodega Serif Medium FBBodoni 1 A - see Old Versions within AdobeBodoni 2 A - see Old Versions within AdobeBodoni Antiqua BE ABodoni Antiqua Cond BE ABodoni Antiqua Expert BE ABodoni Bauer 1 ABodoni Bauer 2 ABodoni Bauer BT - see Old Versions within Other VendorsBodoni Bauer SC&OsF ABodoni Brush ITC LBodoni Classic FNF - see Old Versions within Other VendorsBodoni Classic Orn FNFBodoni FBBodoni Hallmark BT - see Old Versions within Other VendorsBodoni Old Face BE ABodoni Old Face Expert BE ABodoni Poster_Comp ABodoni Ultra CG - see Old Versions within Other VendorsBogey KA HMKBoink LBonnard CGBoogie Woogie KB HMKBookman 1 ITC A see BasicBookman 2 ITC ABordeaux LBorders Pi-1 ABostonia LDBoton ABoulevard ABox Shade HMKBradley Hand ITC FTBraganza ITC LBranding Iron CGBremen FBBrickhouse HIBriem Akademi MM ABriem Script MM ABrighton LBroadway BTBronx LBrothers EBrownsword HMK RESBrownsword KB HMK RESBrownswrd Jones LIC RESBrush Script ABubbahPKA HMKBubblehouse HIBuckeroo ITC FTBud KB HMKBud OS KB HMKBughouse HIBulmer Expert MT ABulmer MT ABundesbahn Pi ABurlington LBurnthouse HIBurweed ICG LIC RES - see RESTRICTEDÄBusoreli DC1 TOR - see Hebrew in Non Latin ÄButch KA HMKButch Redux Qa HMKBuzzer Three LCabaret LCabarga Cursiva LCaecilia PMN ACaecilia PMN SC&OsF ACafe Mimi FHCafeteria FBCafeteria Italic DisCaflisch  Script MM ACal Sans KB HMKCalais DCCaledonia New ACaledonia New SC&OsF ACaliban ACallie PQA HMKCalligraphy CGCalvert PKA HMKCalvert MT ACampaign LCampanile CGCancellaresca Script LCandida ACantoria 1 MT ACantoria 2 MT ACaravan Borders ACareli DC1 TORCarlton KA HMKCarlton LCarolina ACarpenter ICGCarpenter Lett OS Qa ICGCarta  ACarumba LCary Light KB HMKCascade Script ACaslon 224 ITC ACaslon 3 ACaslon 3 SC&OsF ACaslon 540 ACaslon 540 SC&OsF ACaslon AD ACaslon Antique KA HMKCaslon Book BE ACaslon Book Expert BE ACaslon Expert AD ACaslon FBCaslon Italic wSwash LCaslon Open Face ACastellar MT ACasual Cursive KA HMKCathedral Gothic Qa HMK RES see Hunchback Dis HMK RESCathy HMK RESCathy Qa HMK RESCatman PKA HMKCatmanDeux PKA HMKCatull ACavalier HEA LIC RESCaxton ACaxton LCelestia Antiqua ACelestia Antiqua FHCeLine KA HMKCentaur Expert MT ACentaur MT ACentennial LH ACentennial SC&OsF LH ACentury Bd Cond FBCentury Condensed ITC ACentury Expanded ACentury Handtooled ITC ACentury ITC ACentury Old Style ACentury Schoolbook New ACentury Sclbk New Fraction ACerigo ITC ACezanne P22Cezanne Sketches P22Chalet HIChallenge LChampers LChaparral Expert MM AChaparral MM ACharlemagne ACharlotte LCharlotte Sans LCharme ACharter BTCheezer Qa HMKCheezeriniPKA HMKCheltenham 1 ITC ACheltenham 2 ITC ACheltenham Bd Cd FBCheltenham Condensed ITC ACheltenham Handtooled ITC ACheq AChilds Play Age Five FS LIC RESChilds Play Age Nine FF LIC RES - see Winnie Pooh within  RESTRICTEDChiller LChipper LChipstral OS Qa HMK RES see Hunchback Ä Dis HMK RESChoc LChophouse HIChris M KB HMKChristiana AChromium One LCitation LCity BE AClairvaux AClarendon AClassic Script MT MNClaude Sans LCleanhouse HIClearface Gothic LH AClearface ITC AClicker FBCloister Black BTCloister OpenFace AClubhouse HICochinLettPKA ACoffeehouse HICollegiate FFColossalis AComenius Antiqua AComic Book PT VGMCommerce FBCommercial Script LCompacta LConcorde BE AConcorde Condensed BE AConcorde Expert BE AConcorde Nova ACondemdhouse HIConfidential FFConga Brava MM AContempo Qa HMKCoop Black HICoop Bold HICoop Condensed HICoop Flaired HICoop Forged HICoop Heavy HICoop Latin HICoop Light HICooper Black ACoopsLamentPKA HMKCopal ACopperplate Gothic AB 1 ACopperplate Gothic BC 2 ACoptek LCoriander ACorinthian LCorona ACoronet ACorvinus Skyline KCosmos ACottonwood ACountry KA RES see Gordon Frasier Ä HMK RESCountryhouse HICourier A see Basic ÄCoventry FFCrackhouse HICraft Reg FS LIC RESCrashBangWallop FNFCrayott KB HMKCremona ACrillee LCronos Expert MM ACronos MM ACult LCushing ITC ACutamond Basic FHCutamond Old Style FHCutout FNT LIC RESCyberspace HICyrillic C - see Cyrillic in Non Latin ÄDaily News Jaeger ADancin LData Seventy LDble Dtch Smth FFDble Dtch Smth FF LIC RESDeli OS Qa HMKDelphin ADelta ADemian LDesertDogPKA HMKDF Attitudes LDF Calligraphic LDF Celebrations LDF Commercials LDF Delectables LDF Diversions LDF Diversities LDF Eclectics LDF Energetics LDF Expressions LDF Incidentals LDF Industrials LDF Inspirations LDF Journeys LDF Mo Funky Fresh Sym LDF Moderns LDF Naturals LDF Organics II LDF Organics LDF Primitives LDF Radicals LDF Situations ITC LDF Tot Spots ITC LDF Urbans LDF Well Beings LDF Wildlifes LDidot LH ADigital Woodcuts ITC FTDigitek LDilbert HMK RESDilbert KA HMK RESDIN Schriften ADinitials ITC FTDinotopia B RESDinotopia LIC RESDiotima ADirty Faces FNFDirtyhouse HIDiskus ADisturbance FNFDizzy FBDoghouse HIDollhouse HIDolmen LDolores Reg FFDolores Reg FF LIC RESDom Casual ADonatello Blk Ital AGFA LIC RES - see Mulan LIC RESÄDonnas Complaint KB HMKDontchaknow OS Qa HMKDorchester Script MT ADoric ADorovar FFDr. Seuss HMK RESDroppingsPKA HMKDuc De Berry ADudley Gothic LIC  RES see Dudley & Dragon Ä LIC RESDuh KA HMKDune KA HMKDynamo Shadow LDynamoe FFEagle FBEccentric AEcru FBEdwardian Medium LEeebie PKA HMKEeebie OS KA HMKEgghead KA HMKEgghead OS KA HMKEgyptienne F AEhrhardt MT AEl Greco BE AEldorado Display FBEldorado Text FBElectra 1 LH AElectra 2 LH AElectrix EElegante KA HMKElGrande FBElli  FBEllington MT AEllipse ITC LElmhurst FBElse NPL AElysium LEmbassy Script BTEmigrŽ EEmily OS QA HMK RESEmphasis LEmpire FBEmpire KA HMKEmporer EEngravers Bold Face LH AEnviro LEpitaph FB Epokha LEpoque CEquinox LEras ITC AEric PKA HMKErosion KA HMKErratic Qa HMKEsprit ITC AEtruscan LEuropean Pi AEurostile 1 AEurostile 2 AEx Ponto MM AExcelsior AExocet EFairfield 1 LH AFairfield 2 LH AFaithful Fly LFalstaff MT AFarmhaus ITC FTFashion Compressed LFenice ITC AFette Fraktur AFF Erikrighthand FNTFF Justlefhand FNTFido LIC RES see Fido Dido Ä LIC RESFido2 LIC RES see Fido Dido Ä LIC RESFigual LFine Hand FTFine Hand LFine KA HMKFink Bold HIFink Brush HIFink Casual HIFink Condensed HIFink Gothic HIFink Heavy HIFink Roman HIFink Sans HIFirehouse HIFlamenco Inline LFlamme LFlemish BTFlight LFling LFlood AFlora ITC AFloraDecora PQA HMKFlorens LP AFlorinda ITC FTFlourish CFlyer All Ages HIFlyer Black AFlyer Corosion HIFlyer Crucified HIFlyer Disengage HIFlyer Distortion HIFlyer Filler HIFlyer Free Show HIFlyer Hardcore HIFlyer Inside Out HIFlyer Malfunction HIFlyer Reject HIFlyer Release HIFlyer Straight HIFlyer Sunday HIFlyer Vandalism HIFlyer Venice HIFlyer Whitehouse HIFlyer Wonderful HIFobia FBFolderFolio AFollies LFontesque FFFontoon ITC LFontoonies ITC LForest Shaded LForever Friends PKA HMK RES - see Brownsword HMK RES within RESTRICTEDForever Friends LIC RES see Brownswrd Jones Ä LIC RESFormata AFormata Condensed AFormata Expert AFormata Outline AForte MT AFortune KA HMKFrances Uncial LFrancine KA HMKFrankfurt DCFrankfurter FC - see Old Versions within Other VendorsFrankfurter LFranklin Gothic AFranklin Gothic Cmp ITC AFranklin Gothic Cnd ITC AFranklin Gothic ITC AFrathouse HIFred KA HMKFreddo ITC LFreestyle Script AFreestyle Script L - see Old Versions within LetrasetFritz FBFritz Quadrata ITC AFrizeli DC1 TOR - see Hebrew in Non Latin ÄFrog KA HMK RES - see International;;RESFru55LettC PKA HMKFru55LettC KA A - see OLD HMK VERSIONSFrutiger AFrutiger Condensed AFultoon PKA HMKFunhouse HIFunkhouse HIFur Extra Round T26 LIC RES-see Scooby Doo within RESTRICTEDFutura 1 AFutura 2 AFutura 3 AFuture Kill FH T-26Galahad AGalliard ITC Lett PKA 1 AGalliard ITC Lett PKA 1 AGame Pi LH AGarage Gothic FBGaramond 3 A - see Old Versions within AdobeGaramond 3 SC&OsF A - see Old Versions within AdobeGaramond AD AGaramond BE A - see Old Versions within AdobeGaramond Bk Bd C ITC BT - see Old Versions within Other VendorsGaramond Bk Bld ITC BT - see Oldd Versions within Other VendorsGaramond Condensed ITC AGaramond Expert AD AGaramond Expert BE A - see Old Versions within AdobeGaramond Handtooled ITC AGaramond ITC AGaramond Light FB - see Old Versions within Font BureauGaramond MM ITC AGaramond Simoncini A - see Old Versions within AdobeGaramond Stempel A - see Old Versions within AdobeGaramond Stempel SC&OsF AGarfield KA HMK RESGarth Graphic AGas War Qa HMKGazelle FFGazette LH AGemini KB HMKGeo KA HMKGeorgia KA HMKGeorgia OS KB HMKGiddyup Qa HMKGiggles Qa HMKGigi LGilgal DC1 TOR - see Hebrew in Non Latin ÄGilgamesh LGill Display Compressed LGill Kayo Condensed LGill Sans 1 AGill Sans 2 AGill Sans Display AGillies Gothic ExBd Shad LGiotto FFGiovanni ITC AGiza 1 FBGiza 2 FBGiza 3 FBGlasnost CG - see Cyrillic in Non Latin ÄGlastonbury LGlobe Gothic Oa HMKGlypha AGoldbug KA HMKGolden Cockerel ITC LGoldie OS Qa HMKGoneWindy Qa HMKGoofy KA HMKGoofy OS KA HMKGothic 13 AGoudy 1 AGoudy 2 AGoudy Handtooled BT RES - see Calendars in RESTRICTEDGoudy Heavyface Cond.CGoudy Modern MT AGoudy Sans ITC AGoudy SC&OsF AGoudy Text Alternate MT AGoudy Text Dfr MT AGoudy Text Lombardic Caps MT AGoudy Text MT AGraffiti FBGraham FB LIC RES - see Party Express;;RES within RESTRICTEDÄGranjon AGranjon SC&OsF AGraphite Black FBGraphite Bold FBGraphite Demi FBGraphite Light FBGraphite MM AGraphite Regular FBGrattis KB HMKGravura LGrays PQA HMK RES - see Shoebox;;RES within RESTRICTEDÄGrecoDeco LDGreen Bean OS Qa HMKGreen LGreetings Mono KA HMKGreyton Script LGriffith Gothic FBGrimshaw Hand ITC FTGrotesque 1 FB - see Old Versions within Font BureauGrotesque 1 MT AGrotesque 2 FB - see Old Versions within Font BureauGrotesque 2 MT AGuardi AGuinness Qa HMKHadfield LHadriano AHairspray Lett KA FH/HMK RESHalfway House HIHallmark Bodoni PKA HMK - see HMK Corporate FontsHamilton FBHancock Park DCHand Drawn LHardwood LP AHarlow LHarlow Solid LHarvey LHatmaker CAHaulnhouse Outline HIHaulnhouse Soild HIHaunted House HIHazel LHeads of the Household HIHeatwave FH RES see 101 Dalmatians Ä Dis RESHebrew Classic Coll TOR - see Non Latin Ä in Commercial ÄHebrew Dsgnr I Coll TOR - see Non Latin Ä in Commercial ÄHeliotype LHelvetica A see Basic ÄHelvetica Compressed AHelvetica Condensed AHelvetica Condensed L - see Old Versions within LetrasetHelvetica Fractions AHelvetica Inserta AHelvetica Light_Black AHelvetica Narrow A see BasicHelvetica Neue 1 AHelvetica Neue 2 AHelvetica Neue 3 AHelvetica Neue Bd Outl AHelvetica Neue Cond 1 AHelvetica Neue Cond 2 AHelvetica Neue Cond 3 AHelvetica Neue Ext 1 AHelvetica Neue Ext 2 AHelvetica Neue Ext 3 AHelvetica Rounded AHerald Gothic FBHerculanum AHighlander ITC AHighlight LHipHop FBHiroshige AHobo AHoffmann Bk_Bd_Blk FBHoffmann Lig_Rom FBHog KB HMKHogarth Script EFHogwartsWizard HMK RES - see RESTRICTED Ä within Harry Potter WB RES ÄHoliday Pi LH AHollyweird LHollywood KA HMKHomer KA HMKHorley Old Style MT AHornpype ITC LHotsy Totsy FH RES see 101 Dalmatians Ä Dis RESHouse a Rama HIHouse Gothic HIHouse of Death HIHouse of Horror HIHouse of Terror HIHouseArrest HIHousebroken HIHousecopy HIHousecut HIHousefly HIHousehold Items HIHousemaid HIHousemix HIHousepaint HIHouseparty HIHousesawce HIHousetrained HIHuliska PKB HMKHumana Sans ITC LHumana Script ITC LHumana Serif ITC LHunny Pot HMK RESHunny Pot HMK RES see Winnie Pooh Ä Dis HMK RESHuxley KA HMK